<?xml version="1.0" encoding="UTF-8"?>
<project-private xmlns="http://www.netbeans.org/ns/project-private/1">
    <editor-bookmarks xmlns="http://www.netbeans.org/ns/editor-bookmarks/2" lastBookmarkId="0"/>
    <open-files xmlns="http://www.netbeans.org/ns/projectui-open-files/2">
        <group>
            <file>file:/C:/Users/34674/OneDrive%20-%20Universidad%20Carlos%20III%20de%20Madrid/Escritorio/GSR_codigo.X/mcc_generated_files/uart1.c</file>
            <file>file:/C:/Users/34674/OneDrive%20-%20Universidad%20Carlos%20III%20de%20Madrid/Escritorio/GSR_codigo.X/main.c</file>
        </group>
    </open-files>
</project-private>
